,Job Title,Company Name,Skills Required,Published Date
0,Python,ilabztechnologyltd,"python,css,javascript,html,softwaredeveloper",Posted few days ago
1,Python,SuryaInformaticsSolutionsPvt.Ltd.,"python,webtechnologies,linux,mobile,mysql,angularjs,javascript",Posted few days ago
2,Python,capgemini,"securitycompliance,python,html5,mobile,javascript,database,django,pythonscripting",Posted few days ago
3,Pythonprogrammer,"VirtualHrSolutions
(MoreJobs)",Pythonprogrammer,Posted few days ago
4,PythonDeveloper,colortokensllp.bangaloreindia,"algorithms,python,datastructures",Posted few days ago
5,PythonDeveloper,PerfiosSoftwareSolutionsPvt.Ltd.,"python,java,scala",Posted few days ago
6,PythonDeveloper,WillisGroupHoldings,"c#,python,collaborativeenvironment",Posted few days ago
7,PythonAWS,TECHNOPARKTRIVANDRUM,"python,devops,machinelearning",Posted few days ago
8,PythonEngineers,3RITechnologiesPvtLtd,"python,database,teamplayer",Posted few days ago
9,PythonDeveloper,FlextronicsInternationalLtd.,"pythonscripting,softwareengineering,simulationmodels,python,github,problemsolving",Posted few days ago
10,DataikuwithPython,truetechsolutionspvtltd,"python,machinelearning,api",Posted few days ago
11,PythonDeveloper,AtoZInfowayLLP,"python,django,html5,javascript",Posted few days ago
12,PythonDeveloper,MagicFinserv,"python,java,scala,infrastructure,javascript",Posted few days ago
13,PythonDeveloper,LAKSHHUMANRESOURCE,"rest,python,django,git",Posted few days ago
14,PYTHONDEVELOPER,DREAMAJAXTECHNOLOGIES,"python,django,api,sql,nosql",Posted few days ago
15,PythonDeveloper,StemmonsBusinessServicesPvt.Ltd.,"python,github,windows,sql,database,api",Posted few days ago
16,PythonDeveloper,DealsCorner,"python,css,oops,linux,debugging,html,javascript",Posted few days ago
17,PythonDeveloper,Q2QSolutionsPvtLtd,"python,windows,sql,security,linux,webdevelopment",Posted few days ago
18,PythonDeveloper,Q2QSolutionsPvtLtd,"python,windows,sql,security,linux,webdevelopment",Posted few days ago
19,PythonDeveloper,SEVENCONSULTANCY,"python,mvc,sql",Posted few days ago
20,PythonDeveloper,INITIATEFIRSTINFORMATIONSERVICESPRIVATELIMITED,"python,sql,Datamodeling",Posted few days ago
21,PythonDeveloper,FresherMart,"python,django,DjangoFramework",Posted few days ago
22,PythonDjango,qualitythought,"rest,python,django,informationtechnology",Posted few days ago
23,PythonDeveloper,DatagridSolutions,"python,database,django,mysql,api",Posted few days ago
24,PythonDeveloper,TandAHRSolutions,"Djangoframework,PythonDeveloper,corepython",Posted few days ago
25,PythonDeveloper,Gibots,"python,elementsdeveloped,performanceapplications",Posted few days ago
26,PythonDeveloper,AnanthaCyberTechPvtLimited,"python,c,c,informationtechnology",Posted few days ago
27,PythonDeveloper,ValueLabs,"python,database,shellscripting,perl,unix,sql",Posted few days ago
28,PythonAWS,TECHNOPARKTRIVANDRUM,"python,devops,machinelearning",Posted few days ago
29,PythonDeveloper,SpliceGlobalServicesPvtLtd,"python,django,git,postgresql,oops,linux,mysql",Posted few days ago
